canonical_name,kind,domains,aliases
PJ Dick,gc,pjdick.com,"P.J. Dick;PJ Dick Incorporated;P. J. Dick Inc."
Rycon Construction,gc,ryconinc.com,"Rycon;Rycon Construction Inc."
Mascaro Construction,gc,mascaroconstruction.com,"Mascaro;Mascaro Construction Company LP"
Massaro Corporation,gc,massarocorp.com,"Massaro;Massaro Construction Group"
Landau Building Company,gc,landau-bldg.com,"Landau;Landau Building Co."
Jendoco Construction,gc,jendoco.com,"Jendoco;Jendoco Construction Corporation"
Burchick Construction,gc,burchick.com,"Burchick;Burchick Construction Company"
Volpatt Construction,gc,volpatt.com,"Volpatt;Volpatt Construction Corporation"
Turner Construction,gc,tcco.com,"Turner;Turner Construction Company"
Continental Building Company,gc,continentalbuilding.com,"Continental;Continental Building Co."
Sota Construction Services,gc,sotaconstruction.com,"Sota;SOTA Construction"
A. Martini & Co.,gc,amartini.com,"A Martini;Martini"
dck worldwide,gc,dckww.com,"DCK;dck"
Franjo Construction,gc,franjo.com,"Franjo"
Allegheny Construction Group,gc,alleghenyconstruction.com,"Allegheny Construction"
TEDCO Construction,gc,tedco.com,"TEDCO"
Shannon Construction,gc,shannonconstruction.com,"Shannon"
Mosites Construction,gc,mosites.com,"Mosites"
Nello Construction,gc,nello.com,"Nello"
Dick Building Company,gc,dickbuilding.com,"Dick Building"
